<?xml version="1.0" encoding="UTF-8"?>
<!DOCTYPE configuremap [
<!ELEMENT configuremap (configure)+>
<!ELEMENT configure (#PCDATA)>
<!ATTLIST configure name CDATA #REQUIRED>
<!ATTLIST configure value CDATA #REQUIRED>
]>
<configuremap>
  <configure name="CC" value="gcc"/>
  <configure name="CFLAGS" value="-I/usr/include/OpenEXR -I/usr/include/lqr-1 -I/usr/include/glib-2.0 -I/usr/lib/arm-linux-gnueabihf/glib-2.0/include -I/usr/include/freetype2 -I/usr/include/libpng16 -fopenmp -g -O2 -Wall -fexceptions -pthread -DMAGICKCORE_HDRI_ENABLE=0 -DMAGICKCORE_QUANTUM_DEPTH=16"/>
  <configure name="CODER_PATH" value="/usr/local/lib/ImageMagick-6.9.0/modules-Q16/coders"/>
  <configure name="CONFIGURE_PATH" value="/usr/local/etc/ImageMagick-6/"/>
  <configure name="CONFIGURE" value="./configure  '--enable-shared' '--with-rsvg=no' '--with-jpeg=yes' '--with-pango=no'"/>
  <configure name="COPYRIGHT" value="Copyright (C) 1999-2015 ImageMagick Studio LLC"/>
  <configure name="CPPFLAGS" value="-I/usr/local/include/ImageMagick-6"/>
  <configure name="CXXFLAGS" value="-g -O2 -pthread"/>
  <configure name="CXX" value="g++"/>
  <configure name="DEFS" value="-DHAVE_CONFIG_H"/>
  <configure name="DELEGATES" value="bzlib djvu mpeg fontconfig freetype jbig jng jpeg lcms lqr lzma openexr png tiff x xml zlib"/>
  <configure name="DISTCHECK_CONFIG_FLAGS" value="--disable-deprecated --with-quantum-depth=16 --with-jemalloc=no --with-umem=no --with-autotrace=no --with-gslib=no --with-fontpath= --with-gvc=no --with-pango=no --with-rsvg=no --with-wmf=no --with-perl=no"/>
  <configure name="DOCUMENTATION_PATH" value="/usr/local/share/doc/ImageMagick-6"/>
  <configure name="EXEC-PREFIX" value="/usr/local"/>
  <configure name="EXECUTABLE_PATH" value="/usr/local/bin"/>
  <configure name="FEATURES" value="DPC OpenMP"/>
  <configure name="FILTER_PATH" value="/usr/local/lib/ImageMagick-6.9.0/modules-Q16/filters"/>
  <configure name="HOST" value="armv7l-unknown-linux-gnueabihf"/>
  <configure name="INCLUDE_PATH" value="/usr/local/include/ImageMagick-6"/>
  <configure name="LDFLAGS" value="-L/usr/local/lib "/>
  <configure name="LIBRARY_PATH" value="/usr/local/lib/ImageMagick-6.9.0"/>
  <configure name="LIBS" value="-ljbig -llcms2 -ltiff -lfreetype -ljpeg -llqr-1 -lglib-2.0 -lpng16 -ldjvulibre -lfontconfig -lfreetype -lXext -lXt -lSM -lICE -lX11 -llzma -lbz2 -lIlmImf -lImath -lHalf -lIex -lIexMath -lIlmThread -lpthread -lxml2 -lz -lm -lgomp"/>
  <configure name="LIB_VERSION_NUMBER" value="6,9,0,4"/>
  <configure name="LIB_VERSION" value="0x690"/>
  <configure name="NAME" value="ImageMagick"/>
  <configure name="PCFLAGS" value="-fopenmp -DMAGICKCORE_HDRI_ENABLE=0 -DMAGICKCORE_QUANTUM_DEPTH=16"/>
  <configure name="PREFIX" value="/usr/local"/>
  <configure name="QuantumDepth" value="16"/>
  <configure name="RELEASE_DATE" value="2019-04-24"/>
  <configure name="SHAREARCH_PATH" value="/usr/local/lib/ImageMagick-6.9.0/config-Q16"/>
  <configure name="SHARE_PATH" value="/usr/local/share/ImageMagick-6"/>
  <configure name="SVN_REVISION" value="" />
  <configure name="TARGET_CPU" value="armv7l"/>
  <configure name="TARGET_OS" value="linux-gnueabihf"/>
  <configure name="TARGET_VENDOR" value="unknown"/>
  <configure name="VERSION" value="6.9.0"/>
  <configure name="WEBSITE" value="http://www.imagemagick.org"/>
</configuremap>
